bet_id,placed_at,game_pk,game_date,game_start,away_team,home_team,side,book,odds,units,unit_size,status,first_inn_runs,graded_at,result_units
seed00000001,2026-09-09T17:00:00+00:00,824956,2026-09-09,2026-09-09T19:05:00Z,TOR,ATH,NRFI,FanDuel,100.0,1.0,25.0,won,0.0,2026-09-09T23:30:00+00:00,1.0
cee5e46566ce,2026-09-17T17:51:28+00:00,824386,2026-09-14,2026-09-14T22:40:00Z,CWS,CLE,YRFI,FanDuel,140.0,1.0,25.0,lost,0.0,2026-09-17T17:51:34+00:00,-1.0
7da445f9b830,2026-09-17T17:51:30+00:00,824465,2026-09-14,2026-09-14T22:40:00Z,LAD,CIN,YRFI,FanDuel,118.0,1.0,25.0,lost,0.0,2026-09-17T17:51:34+00:00,-1.0
a778141ed3e2,2026-09-17T17:51:31+00:00,822762,2026-09-15,2026-09-15T23:07:00Z,DET,TOR,NRFI,DraftKings,-115.0,1.0,25.0,won,0.0,2026-09-17T17:51:34+00:00,0.8696
820a54509ec7,2026-09-17T17:51:33+00:00,823333,2026-09-15,2026-09-15T22:40:00Z,MIL,PIT,NRFI,DraftKings,-160.0,1.2,25.0,won,0.0,2026-09-17T17:51:34+00:00,0.75
a0dfe5bc3bc5,2026-09-17T18:49:37+00:00,824305,2026-09-17,2026-09-17T19:10:00Z,SD,COL,YRFI,DraftKings,-111.0,0.4,25.0,won,1.0,2026-09-18T14:03:22+00:00,0.3604
d439d8fa0e9d,2026-09-17T18:51:29+00:00,824548,2026-09-17,2026-09-17T23:40:00Z,DET,CWS,YRFI,DraftKings,-105.0,1.0,25.0,won,3.0,2026-09-18T14:03:22+00:00,0.9524
6c7ea2b8f2fa,2026-09-17T18:53:36+00:00,823573,2026-09-17,2026-09-17T23:15:00Z,PHI,NYM,YRFI,BetMGM,-110.0,1.0,25.0,lost,0.0,2026-09-18T14:03:22+00:00,-1.0
2d47611a1a16,2026-09-17T18:57:13+00:00,824141,2026-09-17,2026-09-17T23:15:00Z,KC,HOU,YRFI,BetMGM,-118.0,1.0,25.0,won,2.0,2026-09-18T14:03:22+00:00,0.8475
